selno,other,ldate,kind,duty,name,dpt,uptime,code,phone,state,job,com
5046,,,前台,债券投资 总监,冷月美,债券销售交易总部,2019-07-05 13:40:31,,,在职,投资经理,渤海证券股份有限公司
5047,,,前台,债券投资 总监,张菁菁,债券销售交易总部,2019-07-05 13:40:31,,,在职,投资经理,渤海证券股份有限公司
5048,,,前台,债券投资 高级副总裁,张宇哲,债券销售交易总部,2019-07-05 13:40:31,,,在职,投资经理,渤海证券股份有限公司
5049,,,前台,债券投资 高级副总裁,冯时,债券销售交易总部,2019-07-05 13:40:31,,,在职,投资经理,渤海证券股份有限公司
5050,,,前台,债券投资 高级经理,翟晓鹏,债券销售交易总部,2019-07-05 13:40:31,,,在职,投资经理,渤海证券股份有限公司
5051,,,前台,债券投资 经理,王晓娟,债券销售交易总部,2019-07-05 13:40:31,,,在职,投资经理,渤海证券股份有限公司
5052,,,前台,债券投资 副总裁,李仪,债券销售交易总部,2019-07-05 13:40:31,,,在职,投资经理,渤海证券股份有限公司
5053,,,前台,债券交易 高级经理,阮婧,债券销售交易总部,2019-07-05 13:40:31,,,在职,交易执行人员,渤海证券股份有限公司
5054,,,前台,债券交易 高级经理,庞智桐,债券销售交易总部,2019-07-05 13:40:31,,,在职,交易执行人员,渤海证券股份有限公司
5055,,,前台,债券交易 高级经理,施歌,债券销售交易总部,2019-07-05 13:40:31,,,在职,交易执行人员,渤海证券股份有限公司
5056,,,前台,债券交易 高级经理,周长庆,债券销售交易总部,2019-07-05 13:40:31,,,在职,交易执行人员,渤海证券股份有限公司
5057,,,前台,债券交易 高级经理,张露,债券销售交易总部,2019-07-05 13:40:31,,,在职,交易执行人员,渤海证券股份有限公司
5058,,,前台,债券交易 高级经理,唐钰,债券销售交易总部,2019-07-05 13:40:31,,,在职,交易执行人员,渤海证券股份有限公司
5059,,,前台,债券交易 高级经理,王珺,债券销售交易总部,2019-07-05 13:40:31,,,在职,交易执行人员,渤海证券股份有限公司
5060,,,前台,债券交易 高级经理,刘惠敏,债券销售交易总部,2019-07-05 13:40:31,,,在职,交易执行人员,渤海证券股份有限公司
5061,,,前台,债券交易 经理,朱倩倩,债券销售交易总部,2019-07-05 13:40:31,,,在职,交易执行人员,渤海证券股份有限公司
5062,,,前台,债券交易 经理,吕天骄,债券销售交易总部,2019-07-05 13:40:31,,,在职,交易执行人员,渤海证券股份有限公司
5063,,,前台,债券交易 经理,王靖,债券销售交易总部,2019-07-05 13:40:31,,,在职,交易执行人员,渤海证券股份有限公司
5064,,,前台,债券交易 经理,张鑫磊,债券销售交易总部,2019-07-05 13:40:31,,,在职,交易执行人员,渤海证券股份有限公司
5065,,,前台,债券交易 经理,王然,债券销售交易总部,2019-07-05 13:40:31,,,在职,交易执行人员,渤海证券股份有限公司
5066,,,前台,债券交易 经理,康帅,债券销售交易总部,2019-07-05 13:40:31,,,在职,交易执行人员,渤海证券股份有限公司
5067,,,前台,债券交易 经理,郭紫博,债券销售交易总部,2019-07-05 13:40:31,,,在职,交易执行人员,渤海证券股份有限公司
5068,,,前台,债券交易 经理,党维谦,债券销售交易总部,2019-07-05 13:40:31,,,在职,交易执行人员,渤海证券股份有限公司
5069,,,前台,债券交易 经理,陈红连,债券销售交易总部,2019-07-05 13:40:31,,,在职,交易执行人员,渤海证券股份有限公司
5070,,,前台,债券交易 经理,窦青,债券销售交易总部,2019-07-05 13:40:31,,,在职,交易执行人员,渤海证券股份有限公司
5071,,,前台,债券交易 经理,陈靓,债券销售交易总部,2019-07-05 13:40:31,,,在职,交易执行人员,渤海证券股份有限公司
5072,,,前台,债券交易 经理,程晓飞,债券销售交易总部,2019-07-05 13:40:31,,,在职,交易执行人员,渤海证券股份有限公司
5073,,,前台,债券交易 经理,徐宁,债券销售交易总部,2019-07-05 13:40:31,,,在职,交易执行人员,渤海证券股份有限公司
5074,,,中后台,金融市场结算部经理,梁国玉,结算托管总部,2019-07-05 13:40:31,,022-28451602,在职,交易执行人员,渤海证券股份有限公司
5075,,,中后台,金融市场结算部员工,谷悦,结算托管总部,2019-07-05 13:40:31,,022-28451870,在职,交易执行人员,渤海证券股份有限公司
5076,,,中后台,金融市场结算部员工,芦思雨,结算托管总部,2019-07-05 13:40:31,,022-23873136,在职,交易执行人员,渤海证券股份有限公司
5077,,,中后台,金融市场结算部员工,张玥,结算托管总部,2019-07-05 13:40:31,,022-28451801,在职,交易执行人员,渤海证券股份有限公司
5078,,2019-04-30,,高级经理,何溪,债券销售交易总部,2019-07-05 13:40:31,,,离职,,渤海证券股份有限公司
5079,,2019-05-22,,债券交易 经理,胡心怡,债券销售交易总部,2019-07-05 13:40:31,,,离职,,渤海证券股份有限公司
5080,,2019-05-27,,债券交易 高级副总裁,王旭,债券销售交易总部,2019-07-05 13:40:31,,,离职,,渤海证券股份有限公司
5081,,,,自营业务管理岗,陈锐,固定收益部,2019-07-05 13:40:31,S1450112050019,,在职,投资经理,安信证券股份有限公司
5082,,,,销售业务岗,杨志成,固定收益部,2019-07-05 13:40:31,S1450113110006,,在职,投资经理,安信证券股份有限公司
5083,,,,下单员岗,钟优女,固定收益部,2019-07-05 13:40:31,S1450119010029,,在职,交易执行人员,安信证券股份有限公司
5084,,,,自营业务岗,程昊,固定收益部,2019-07-05 13:40:31,S1450114060028,,在职,投资经理,安信证券股份有限公司
5085,,,,自营业务岗,江北,固定收益部,2019-07-05 13:40:31,S1450113120032,,在职,投资经理,安信证券股份有限公司
5086,,,,自营业务岗,孙春华,固定收益部,2019-07-05 13:40:31,S1450114090040,,在职,投资经理,安信证券股份有限公司
5087,,,,自营业务岗,张世璁,固定收益部,2019-07-05 13:40:31,S1450115090019,,在职,投资经理,安信证券股份有限公司
5088,,,,自营业务岗,张博强,固定收益部,2019-07-05 13:40:31,S1450114080042,,在职,投资经理助理,安信证券股份有限公司
5089,,,,自营业务岗,胡善斌,固定收益部,2019-07-05 13:40:31,S1450114010007,,在职,投资经理助理,安信证券股份有限公司
5090,,,,自营业务岗,王瓅琛,固定收益部,2019-07-05 13:40:31,S1450115110071,,在职,投资经理助理,安信证券股份有限公司
5091,,,,自营业务岗,仲益辰,固定收益部,2019-07-05 13:40:31,S1450116060159,,在职,投资经理助理,安信证券股份有限公司
5092,,,,自营业务岗,丁云姝,固定收益部,2019-07-05 13:40:31,S1450116110021,,在职,投资经理助理,安信证券股份有限公司
5093,,,,自营业务岗,林温生,固定收益部,2019-07-05 13:40:31,S1450117010040,,在职,投资经理助理,安信证券股份有限公司
5094,,,,自营业务岗,何睿,固定收益部,2019-07-05 13:40:31,S1450117010047,,在职,投资经理助理,安信证券股份有限公司
5095,,,,自营业务岗,王逊,固定收益部,2019-07-05 13:40:31,S1450118010271,,在职,投资经理助理,安信证券股份有限公司
5096,,,,流动性管理岗,李想,固定收益部,2019-07-05 13:40:31,S1450112050037,,在职,投资经理助理,安信证券股份有限公司
5097,,,,流动性管理岗,高璐,固定收益部,2019-07-05 13:40:31,S1450115090027,,在职,投资经理助理,安信证券股份有限公司
5098,,,,流动性管理岗,李志超,固定收益部,2019-07-05 13:40:31,S1450116060168,,在职,投资经理助理,安信证券股份有限公司
5099,,,,下单员岗,王玲,固定收益部,2019-07-05 13:40:31,S1450111030118,,在职,交易执行人员,安信证券股份有限公司
5100,,,,下单员岗,徐晓航,固定收益部,2019-07-05 13:40:31,S1450116120184,,在职,交易执行人员,安信证券股份有限公司
5101,,,,业务风险管理岗,力蓬,风险管理部,2019-07-05 13:40:31,S1450114090031,,在职,债券交易核对专岗,安信证券股份有限公司
5102,,,,投资主办岗,张亚非,资产管理部,2019-07-05 13:40:31,S1450813010001,,在职,投资经理,安信证券股份有限公司
5103,,,,投资主办岗,杨坚丽,资产管理部,2019-07-05 13:40:31,S1450816100001,,在职,投资经理,安信证券股份有限公司
5104,,,,投资主办岗,匡钟,资产管理部,2019-07-05 13:40:31,S1450813030002,,在职,投资经理,安信证券股份有限公司
5105,,,,投资主办岗,吴慧文,资产管理部,2019-07-05 13:40:31,S1450816100002,,在职,投资经理,安信证券股份有限公司
5106,,,,投资主办岗,高继祖,资产管理部,2019-07-05 13:40:31,S1450814030001,,在职,投资经理,安信证券股份有限公司
5107,,,,投资交易管理岗,孙建强,资产管理部,2019-07-05 13:40:31,S1450109092754,,在职,交易执行人员,安信证券股份有限公司
5108,,,,投资交易岗,赵雪飞,资产管理部,2019-07-05 13:40:31,S1450116060008,,在职,交易执行人员,安信证券股份有限公司
5109,,,,投资交易岗,万莹,资产管理部,2019-07-05 13:40:31,S1450117090218,,在职,交易执行人员,安信证券股份有限公司
5110,,,,投资交易岗,李晶晶,资产管理部,2019-07-05 13:40:31,S1450112100018,,在职,交易执行人员,安信证券股份有限公司
5111,,,,投资交易岗,贺佐治,资产管理部,2019-07-05 13:40:31,S1450117090137,,在职,交易执行人员,安信证券股份有限公司
5112,,,,投资交易岗,郝爽,资产管理部,2019-07-05 13:40:31,S1450117120042,,在职,交易执行人员,安信证券股份有限公司
5113,,,,业务风险管理岗,王天长,风险管理部,2019-07-05 13:40:31,S1450117090251,,在职,债券交易核对专岗,安信证券股份有限公司
5114,,,前台,总经理,王品哈,资产管理部,2019-07-05 13:40:31,,,在职,投资经理,爱建证券有限责任公司
5115,,,前台,高级投资经理,丁伶,资产管理部,2019-07-05 13:40:31,,,在职,投资经理,爱建证券有限责任公司
5116,,,前台,高级投资经理,柯海黎,资产管理部,2019-07-05 13:40:31,,,在职,投资经理,爱建证券有限责任公司
5117,,,前台,高级投资经理,孙霁光,资产管理部,2019-07-05 13:40:31,,,在职,投资经理,爱建证券有限责任公司
5118,,,前台,投资经理,杨新,金融市场部,2019-07-05 13:40:31,,,在职,投资经理,爱建证券有限责任公司
5119,,,前台,投资经理助理,高宇劼,资产管理部,2019-07-05 13:40:31,,,在职,投资经理助理,爱建证券有限责任公司
5120,,,前台,投资经理助理,王迅陶,资产管理部,2019-07-05 13:40:31,,,在职,投资经理助理,爱建证券有限责任公司
5121,,,前台,投资经理助理,封雨潇,资产管理部,2019-07-05 13:40:31,,,在职,投资经理助理,爱建证券有限责任公司
5122,,,前台,交易,侯曰成,资产管理部,2019-07-05 13:40:31,,,在职,交易执行人员,爱建证券有限责任公司
5123,,,前台,交易,许达,资产管理部,2019-07-05 13:40:31,,,在职,交易执行人员,爱建证券有限责任公司
5124,,,前台,交易主管,赵铁兰,金融市场部,2019-07-05 13:40:31,,,在职,交易执行人员,爱建证券有限责任公司
5125,,,前台,交易员,陶然,金融市场部,2019-07-05 13:40:31,,,在职,交易执行人员,爱建证券有限责任公司
5126,,,前台,交易员,任林杰,金融市场部,2019-07-05 13:40:31,,,在职,交易执行人员,爱建证券有限责任公司
5127,,,前台,交易员,严青飏,金融市场部,2019-07-05 13:40:31,,,在职,交易执行人员,爱建证券有限责任公司
5128,,,中后台,总经理助理兼运营部经理,龚平,资产管理部,2019-07-05 13:40:31,,021-68728967,在职,债券交易核对专岗,爱建证券有限责任公司
5129,,,中后台,资金同业部经理,王洁芸,财务管理部,2019-07-05 13:40:31,,021-32229888-32852,在职,债券交易核对专岗,爱建证券有限责任公司
5130,,,中后台,资金复核岗,朱莉雯,财务管理部,2019-07-05 13:40:31,,021-32229888-32857,在职,债券交易核对专岗,爱建证券有限责任公司
5131,,,前台,分析员,孙思明,证券自营部,2019-07-05 13:40:31,,,在职,交易执行人员,北京高华证券有限责任公司
5132,,,前台,执行董事,王佳杰,证券自营部,2019-07-05 13:40:31,,,在职,交易执行人员,北京高华证券有限责任公司
5133,,,中后台,执行董事,杨思佳,营运部,2019-07-05 13:40:31,,010-66273045,在职,债券交易核对专岗,北京高华证券有限责任公司
5134,,,中后台,经理,刘亮言,营运部,2019-07-05 13:40:31,,010-66273045,在职,债券交易核对专岗,北京高华证券有限责任公司
5135,,,中后台,经理,陈静翕,营运部,2019-07-05 13:40:31,,010-66273045,在职,债券交易核对专岗,北京高华证券有限责任公司
5136,,,中后台,分析员,王宇辰,营运部,2019-07-05 13:40:31,,010-66273045,在职,债券交易核对专岗,北京高华证券有限责任公司
5137,,,中后台,分析员,杨雅伦,营运部,2019-07-05 13:40:31,,010-66273045,在职,债券交易核对专岗,北京高华证券有限责任公司
5138,,,中后台,分析员,韩雪君,营运部,2019-07-05 13:40:31,,010-66273045,在职,债券交易核对专岗,北京高华证券有限责任公司
